<?xml version="1.0" encoding="UTF-8"?>
<!DOCTYPE hibernate-reverse-engineering PUBLIC "-//Hibernate/Hibernate Reverse Engineering DTD 3.0//EN" "http://hibernate.sourceforge.net/hibernate-reverse-engineering-3.0.dtd" >

<hibernate-reverse-engineering>
  <table-filter match-catalog="musicaconclavesajenas" match-name="artista"/>
  <table-filter match-catalog="musicaconclavesajenas" match-name="cancion"/>
  <table-filter match-catalog="musicaconclavesajenas" match-name="club"/>
  <table-filter match-catalog="musicaconclavesajenas" match-name="companyia"/>
  <table-filter match-catalog="musicaconclavesajenas" match-name="disco"/>
  <table-filter match-catalog="musicaconclavesajenas" match-name="esta"/>
  <table-filter match-catalog="musicaconclavesajenas" match-name="grupo"/>
  <table-filter match-catalog="musicaconclavesajenas" match-name="pertenece"/>
</hibernate-reverse-engineering>