<?xml version="1.0" encoding="utf-8"?>
<!DOCTYPE hibernate-configuration PUBLIC
"-//Hibernate/Hibernate Configuration DTD 3.0//EN"
"http://www.hibernate.org/dtd/hibernate-configuration-3.0.dtd">
<hibernate-configuration>
    <session-factory>
        <property name="hibernate.bytecode.use_reflection_optimizer">false</property>
        <property name="hibernate.connection.driver_class">com.mysql.jdbc.Driver</property>
        <property name="hibernate.connection.password">mysql</property>
        <property name="hibernate.connection.url">jdbc:mysql://localhost:3306/musicaconclavesajenas</property>
        <property name="hibernate.connection.username">root</property>
                <property name="hibernate.current_session_context_class">thread</property>
                <property name="hibernate.dialect">org.hibernate.dialect.MySQLDialect</property>
        <property name="hibernate.search.autoregister_listeners">false</property>
        <property name="hibernate.validator.apply_to_ddl">false</property>
        <mapping class="pojos.Artista" />
        <mapping class="pojos.Cancion" />
        <mapping class="pojos.Club" />
        <mapping class="pojos.Disco" />
        <mapping class="pojos.Grupo" />
        <mapping class="pojos.Pertenece" />
                <mapping class="pojos.Companyia" />
        
        
    </session-factory>
</hibernate-configuration>
